{
  "RandomForest": {
    "r2_train": 0.987527691810243,
    "r2_test": 0.916560182752832,
    "mae": 1.9390453174747118,
    "rmse": 2.44547805742667
  },
  "GradientBoosting": {
    "r2_train": 0.9460521993112808,
    "r2_test": 0.9381609057999136,
    "mae": 1.6890947600790196,
    "rmse": 2.10527415054438
  },
  "LinearRegression": {
    "r2_train": 0.9435969139381597,
    "r2_test": 0.9442959646359316,
    "mae": 1.5856697938804722,
    "rmse": 1.998114756660385
  },
  "Ridge": {
    "r2_train": 0.9435968985351963,
    "r2_test": 0.9442962723713112,
    "mae": 1.585679159659503,
    "rmse": 1.998109237388322
  },
  "SVR": {
    "r2_train": 0.9334743077264605,
    "r2_test": 0.9272099472763089,
    "mae": 1.8063397374812054,
    "rmse": 2.2840894889385828
  }
}